{
  "name": "angular-sanitize",
  "version": "1.2.29",
  "main": "./angular-sanitize.js",
  "ignore": [],
  "dependencies": {
    "angular": "1.2.29"
  },
  "homepage": "https://github.com/angular/bower-angular-sanitize",
  "_release": "1.2.29",
  "_resolution": {
    "type": "version",
    "tag": "v1.2.29",
    "commit": "afcca61b0976b2cfe82813d3b04262850381b23a"
  },
  "_source": "git://github.com/angular/bower-angular-sanitize.git",
  "_target": "~1.2.17",
  "_originalSource": "angular-sanitize"
}