[
  {
    "id": "1",
    "type": "1",
    "lang": "en",
    "name": "Amit pawar"
  },
  {
    "id": "2",
    "type": "1",
    "lang": "hi",
    "name": "अमित पवार"
  },
  {
    "id": "3",
    "type": "2",
    "lang": "en",
    "name": "kamlesh singh"
  },
  {
    "id": "4",
    "type": "2",
    "lang": "hi",
    "name": "कमलेश सिंह"
  },
  {
    "id": "5",
    "type": "3",
    "lang": "ar",
    "name": "أميت باوار"
  },
  {
    "id": "6",
    "type": "3",
    "lang": "ar",
    "name": "كامليش سينغ"
  }
]