{
  "name": "angular-animate",
  "version": "1.2.29",
  "main": "./angular-animate.js",
  "ignore": [],
  "dependencies": {
    "angular": "1.2.29"
  },
  "homepage": "https://github.com/angular/bower-angular-animate",
  "_release": "1.2.29",
  "_resolution": {
    "type": "version",
    "tag": "v1.2.29",
    "commit": "b273367ff2b37f44148dcbb1735add8d442c56ab"
  },
  "_source": "git://github.com/angular/bower-angular-animate.git",
  "_target": "~1.2.17",
  "_originalSource": "angular-animate"
}